"bulan","tahun","profit","txtbulan"
1,2014,2450.1906999999994736,"Jan"
2,2014,862.3083999999999748,"Feb"
3,2014,498.7298999999975189,"Mar"
4,2014,3488.8352000000000553,"Apr"
5,2014,2738.70959999999992542,"May"
6,2014,4976.52439999999894388,"Jun"
7,2014,-841.4826000000023648,"Jul"
8,2014,5318.10499999999958547,"Aug"
9,2014,8328.09939999999611847,"Sep"
10,2014,3448.25729999999901714,"Oct"
11,2014,9292.12689999999748756,"Nov"
12,2014,8983.56989999999776038,"Dec"
