"bulan","tahun","profit","txtbulan"
1,2016,2824.8232999999998401,"Jan"
2,2016,5004.57949999999906758,"Feb"
3,2016,3611.9679999999986163,"Mar"
4,2016,2977.81489999999844065,"Apr"
5,2016,8662.14639999999805156,"May"
6,2016,4750.37809999999890286,"Jun"
7,2016,4432.87789999999917016,"Jul"
8,2016,2062.06929999999951799,"Aug"
9,2016,9328.65759999999704571,"Sep"
10,2016,16243.14249999999827441,"Oct"
11,2016,4011.4074999999972737,"Nov"
12,2016,17885.3092999999983973,"Dec"
