"total_profit","category"
18451.27279999998082306,"Furniture"
122490.80079999997780540,"Office Supplies"
145454.94809999997669305,"Technology"
