"bulan","tahun","profit","txtbulan"
1,2015,-3281.0070000000009599,"Jan"
2,2015,2813.8507999999996132,"Feb"
3,2015,9732.09779999999872403,"Mar"
4,2015,4187.49619999999884413,"Apr"
5,2015,4667.8689999999985954,"May"
6,2015,3335.5571999999994080,"Jun"
7,2015,3288.64829999999899113,"Jul"
8,2015,5355.80839999999861143,"Aug"
9,2015,8209.16269999999838141,"Sep"
10,2015,2817.3659999999996163,"Oct"
11,2015,12474.78839999999819161,"Nov"
12,2015,8016.96589999999835022,"Dec"
