"bulan","tahun","profit","txtbulan"
1,2017,7140.43909999999919827,"Jan"
2,2017,1613.87199999999885643,"Feb"
3,2017,14751.8914999999979088,"Mar"
4,2017,933.28999999999770524,"Apr"
5,2017,6342.58279999999876464,"May"
6,2017,8223.3356999999986315,"Jun"
7,2017,6952.62119999999954644,"Jul"
8,2017,9040.95569999999854666,"Aug"
9,2017,10991.55559999999989384,"Sep"
10,2017,9275.27549999999730644,"Oct"
11,2017,9690.10369999999876451,"Nov"
12,2017,8483.34679999999773734,"Dec"
