"bulan","tahun","sales","txtbulan"
1,2014,14236.895,"Jan"
2,2014,4519.892,"Feb"
3,2014,55691.009,"Mar"
4,2014,28295.344999999998,"Apr"
5,2014,23648.287,"May"
6,2014,34595.1276,"Jun"
7,2014,33946.393000000004,"Jul"
8,2014,27909.4685,"Aug"
9,2014,81777.3508,"Sep"
10,2014,31453.393,"Oct"
11,2014,78628.7167,"Nov"
12,2014,69545.6205,"Dec"
