"bulan","tahun","sales","txtbulan"
1,2017,43971.3739999999991997,"Jan"
2,2017,20301.1333999999999706,"Feb"
3,2017,58872.3528000000001994,"Mar"
4,2017,36521.5361000000009838,"Apr"
5,2017,44261.1102000000005883,"May"
6,2017,52981.72570000000035315,"Jun"
7,2017,45264.4160000000010716,"Jul"
8,2017,63120.8880000000032407,"Aug"
9,2017,87866.6520000000027988,"Sep"
10,2017,77776.9232000000006404,"Oct"
11,2017,118447.8250000000003562,"Nov"
12,2017,83829.3188000000003346,"Dec"
