"bulan","tahun","sales","txtbulan"
1,2015,18174.0755999999999332,"Jan"
2,2015,11951.4109999999999573,"Feb"
3,2015,38726.2520000000000438,"Mar"
4,2015,34195.2085000000005950,"Apr"
5,2015,30131.6865000000000115,"May"
6,2015,24797.2920000000004391,"Jun"
7,2015,28765.3250000000005416,"Jul"
8,2015,36898.3322000000003425,"Aug"
9,2015,64595.9180000000016640,"Sep"
10,2015,31404.9235000000005688,"Oct"
11,2015,75972.5635000000008854,"Nov"
12,2015,74919.5212000000016955,"Dec"
