"bulan","tahun","sales","txtbulan"
1,2016,18542.4910000000001720,"Jan"
2,2016,22978.815000000000178,"Feb"
3,2016,51715.8750000000004535,"Mar"
4,2016,38750.0390000000002499,"Apr"
5,2016,56987.7279999999991324,"May"
6,2016,40344.5340000000004259,"Jun"
7,2016,39261.9630000000011579,"Jul"
8,2016,31115.3743000000010328,"Aug"
9,2016,73410.0249000000021130,"Sep"
10,2016,59687.7449999999986701,"Oct"
11,2016,79411.9658000000026604,"Nov"
12,2016,96999.0430000000003173,"Dec"
